操作ID,操作名称,所属环节,输入或来源,目标,前置条件,状态变化,成功后结果,容量不足或失败,确认要求,时间推进,Demo状态,扩展说明,依据
ITEM-UI-001,整叠拿取,容器UI,鼠标未悬挂；来源格物品,鼠标悬挂位,来源格有物品,来源格数量清零；鼠标持有原整叠,全部物品悬挂到鼠标,不适用,无,不推进,已确认,输入动作可扩展,回答4
ITEM-UI-002,半叠拿取,容器UI,鼠标未悬挂；来源格物品,鼠标悬挂位,来源格有物品,转移向上取整的一半,取出部分悬挂到鼠标,不适用,无,不推进,已确认,输入动作可扩展,回答4
ITEM-UI-003,快捷转移,容器UI,鼠标未悬挂；来源格整叠,当前UI内其他容器,存在其他可见容器且可装入,按容器顺序及格序转移,能转移的数量进入目标容器,无其他容器或完全无法放入时无变化,无,不推进,已确认,多容器精确顺序待补,回答4
ITEM-UI-004,整叠放入空格,容器UI,鼠标悬挂物品,空格,目标容器允许且存在容量,尽量减少悬挂数量并增加目标格数量,剩余量继续悬挂,完全无法放入时无变化,无,不推进,已确认,容量规则由组件提供,回答4
ITEM-UI-005,单个放入空格,容器UI,鼠标悬挂物品,空格,目标可接收至少一个,悬挂数量减一；目标格数量加一,一个物品进入目标格,无法放入时无变化,无,不推进,已确认,容量规则由组件提供,回答4
ITEM-UI-006,同类整叠合并,容器UI,鼠标悬挂物品,同类物品格,同类且堆叠未满,填充到堆叠上限；扣减悬挂数量,剩余量继续悬挂,堆叠已满时无变化,无,不推进,已确认,同类规则由堆叠组件提供,回答4
ITEM-UI-007,同类单个合并,容器UI,鼠标悬挂物品,同类物品格,同类且堆叠未满,悬挂数量减一；目标数量加一,一个物品并入目标格,堆叠已满时无变化,无,不推进,已确认,同类规则由堆叠组件提供,回答4
ITEM-UI-008,异类交换,容器UI,鼠标悬挂物品,其他物品格,悬挂物品可完整放入目标格,悬挂物品与目标格物品交换归属,原目标物品悬挂到鼠标,悬挂物品无法完整放入时无变化,无,不推进,已确认,交换必须整体成功,回答4
ITEM-UI-009,装入容器物品,容器UI,鼠标悬挂物品,具有容器组件的物品,目标容器允许存取且存在容量,按格序尽量转移到目标容器,剩余量继续悬挂,完全无法放入时无变化,无,不推进,已确认,受限容器需界面打开,回答4、6
ITEM-FLOW-001,自动装载,物品获得,待获得物品,队伍背包空间,已装备容器允许自动装载,按装载顺序写入可用格,物品进入队伍携带状态,空间不足时进入领取确认流程,溢出时需要,由来源事件定义,已确认,嵌套容器不参与；精确顺序待补,回答6
ITEM-FLOW-002,溢出落地,物品获得,未自动装入的物品,当前地点世界掉落,玩家在溢出提示中选择继续,物品归属改为世界掉落载体,玩家整理后可拾取,掉落生命周期待补,必须,不额外推进,部分确认,取消领取及部分提交语义待补,回答6、14、24
ITEM-FLOW-003,世界拾取,探索或事件,世界掉落物,队伍背包空间,掉落可拾取,调用自动装载；成功部分改变归属,物品进入队伍或保留未装入部分,沿用溢出流程,溢出时需要,由所在事件定义,部分确认,掉落生命周期待补,回答6
ITEM-EVT-001,物品交付,事件片段,可自动检测范围内的物品,事件交付区,满足配置需求；受限容器可访问,扣除并提交需求物品,执行事件配置效果并选择后继片段,不满足需求时无变化,由事件配置,由事件配置,已确认,提交原子性与撤销边界待补,回答5、6、8
ITEM-EVT-002,付款,事件片段,队伍所有角色携带容器内的指定媒介,事件交付区,满足金额对应的物品需求,执行物品交付,完成付款效果,不足时无变化,由事件配置,由事件配置,已确认,Demo无面额与找零,回答2、3、5
ITEM-EVT-003,物品交换,事件片段,已提交需求物品,交换目标与背包,物品交付成功,交付物扣除；目标进入自动装载流程,目标直接进入背包或溢出流程,交付失败时不生成目标,由事件配置,由事件配置,已确认,交易方式由事件组合,回答8
ITEM-EVT-004,订购交付,事件片段,已提交需求物品,事件池,订购需求交付成功,配置的到货事件进入事件池,生成成功后延时发生,生成失败记为卖方违约,由事件配置,由事件配置,部分确认,违约后果待内容设计,回答8
ITEM-GEN-001,出售,通用物品操作,角色携带物品,交易事件,物品具有交易所需组件且满足事件需求,物品离开角色；交易效果结算,取得交易回报,条件不满足时无变化,关联任务要求时必须,由事件配置,部分确认,价格与事件内容另定,回答21、25
ITEM-GEN-002,投掷或丢弃,通用物品操作,角色携带物品,当前地点世界掉落,物品允许离开当前载体,物品归属改为世界掉落,物品可按掉落规则拾取,无法生成掉落时不得提交,关联任务要求时必须,由所在状态定义,部分确认,掉落生命周期待补,回答25
ITEM-EQP-001,装备,装备栏,可装备物品,角色装备槽,装备栏可用且槽位适配,物品进入槽位并启用组件效果,装备立即生效,条件不满足时无变化,无,不推进,已确认,装备栏开放时机待补,回答17
ITEM-EQP-002,卸下储物装备,装备栏,已装备容器物品及其内容,非装备归属载体,装备栏可用且目标可接收整件装备,装备与内部物品整体改变归属；效果移除,容器格不再计入背包空间,目标无法接收时无变化,无,不推进,已确认,内部格位保持不变,回答18
ITEM-TBD-001,待客户补充操作,待补充,待补充,待补充,待补充,待补充,待补充,待补充,待补充,待补充,待补充,用于追加尚未识别的状态变化,回答7
