商人原型ID,名称,交易方向,差异维度,经营内容选取,规模基准值定义,规模消耗规则,批量规则,交易形式,Demo状态
MERCHANT-TPL-001,基础型商人,出售与回收,全部维度的默认值,主营词条取自物品词条表中的用途词条，可以配置一条或多条；配置多条时商品挂载其中任意一条即进入经营范围，需要收窄范围时靠物品池进一步限定；每个用途词条对应一个物品池，从对应池随机选取若干样作为本次经营内容,出售方向表示可供商品的基准价值总量，回收方向表示可用收购资金量，每次刷新在配置范围内小幅浮动,每笔交易按提交物品的基准价值扣除,无,零售与直购,已确认
MERCHANT-TPL-002,常规物品商人,出售,经营范围,主营词条取自用途词条并限定在常规物品的物品池，从该池随机选取若干样,本次可供商品的基准价值总量,每笔交易按物品基准价值扣除,无,零售与直购,内容待填
MERCHANT-TPL-003,装备商人,出售,经营范围,主营词条取自用途词条并限定在装备的物品池，从该池随机选取若干样,本次可供商品的基准价值总量,每笔交易按物品基准价值扣除,无,零售与直购,内容待填
MERCHANT-TPL-004,遗物商人,出售,经营范围与交易形式,主营词条取自用途词条并限定在遗物的物品池，从该池随机选取若干样,本次可供商品的基准价值总量，遗物按需求词条定价,每笔交易按物品基准价值扣除,无,零售与直购,内容待填
MERCHANT-TPL-005,回收商人,回收,交易方向,主营词条取自用途词条并限定收购范围，从该范围内的物品池随机选取若干样作为收购需求,本次可用收购资金量，每次刷新小幅浮动,反复收购同种物品时每笔交易的消耗递增，递增幅度待数值设计,无,零售与直购,已确认
MERCHANT-TPL-006,批发回收商人,回收,交易方向与批量规则,主营词条取自用途词条并限定收购范围，从该范围内的物品池随机选取若干样作为收购需求,本次可用收购资金量，每次刷新小幅浮动,每笔交易的消耗按批量规则递减,消耗随交易量递减,零售与直购,已确认
MERCHANT-TPL-007,双向经营商人,出售与回收,交易方向,出售范围与收购范围分别按取自用途词条的主营词条确定，两个方向各自使用自己的物品池,分设出售与回收两个规模基准值并各自浮动,出售方向按物品基准价值扣除，回收方向按对应回收规则扣除,按回收方向配置,零售与直购,内容待填
MERCHANT-TPL-008,订购商人,出售,交易形式,主营词条取自用途词条并限定可订购的商品池，从该池随机选取若干样接受订购,本次可供商品的基准价值总量,每笔交易按物品基准价值扣除,无,订购与直购，交付成功后把到货事件加入当前事件池,内容待填
MERCHANT-TPL-009,拍卖商人,出售,交易形式,主营词条取自用途词条并限定拍品池，从该池随机选取若干样作为本次拍品,本次拍品池的基准价值总量,每笔交易按成交基准价值扣除,无,拍卖,后续版本
MERCHANT-TPL-010,待补充商人原型,待补充,待补充,待补充,待补充,待补充,待补充,待补充,待补充
