topic_id,player_action,program_feedback,context,condition_text,notes,sort_order
FB-01,取消尚未确认的战斗行为选择,不改变游戏状态，不消耗行动机会、行动槽字母或道具,战斗行动机会,,来源：系统设计文档/06-战斗/85-战斗行为系统/85_战斗行为系统设计.md §3.4,1
FB-01,模态窗口存在时操作下层界面,下层操作被阻断，窗口继续占用输入焦点,窗口层,,来源：架构设计文档/界面索引.md §二、层级语义,2
FB-02,点选非当前行动者查看状态,详情和行动槽切换到该单位并标记不可操作；不提供该单位的操作按钮,战斗界面,,来源：系统设计文档/06-战斗/10-战斗总览/10_战斗总览设计.md §3.6,1
FB-02,鼠标悬浮当前可用技能,预览该技能释放后本单位下次行动在时间轴上的位置,战斗界面,,来源：系统设计文档/06-战斗/20-时间轴与行动顺序/20_时间轴与行动顺序设计.md §3.5,2
FB-03,在主界面继续唯一存档,恢复最近一次自动保存节点对应的单局状态与阶段上下文,,存在有效存档,来源：系统设计文档/01-通用系统/50-存档与持久化/50_存档与持久化设计.md §2、6,1
FB-03,从局外开始新局,按当前跨局进度与剪枝状态装配本局；默认从已解锁大关起点开始,,,来源：系统设计文档/09-局生成/20-局生成与种子/20_局生成与种子设计.md §4.3,2
FB-04,退出游戏或终止进程,进程结束；不触发退出收尾或额外存档提交，再启动时从最近自动保存节点恢复,,,来源：架构设计文档/架构设计案.md §9.4,1
FB-05,局外选中已解锁的线索节点,可读取节点百科页中的已解锁正文、传闻、关系与状态,局外线索树,,来源：系统设计文档/07-线索树与元进度/10-线索树核心/10_线索树核心设计.md §3.3～3.5,1
FB-05,局内查看线索树,读取历史已解锁内容的只读快照；本局新增解锁待结算后才进入跨局记录,局内线索树,,来源：系统设计文档/07-线索树与元进度/10-线索树核心/10_线索树核心设计.md §3.10,2
FB-05,查看锁定可见的节点,只显示节点存在与锁定状态，百科内容不可读,,,来源：系统设计文档/07-线索树与元进度/10-线索树核心/10_线索树核心设计.md §3.5,3
FB-06,选中若干已解锁节点并确认一次剪枝,将所选节点及全部下级节点写入封锁范围，树上标记已封锁；作为一次可撤销操作记录，下一局生效,局外剪枝,,来源：系统设计文档/07-线索树与元进度/20-剪枝系统/20_剪枝系统设计.md §3.2～3.4,1
FB-06,撤销一条剪枝操作记录,解除该次操作覆盖的封锁标记并恢复内容可用性；已有解锁记录不回退,局外剪枝,,来源：系统设计文档/07-线索树与元进度/20-剪枝系统/20_剪枝系统设计.md §3.3～3.5,2
FB-06,选择大关回退预设并提交,对目标大关主干节点执行可撤销的批量剪枝；大关进度标记保持原值,局外剪枝,,来源：系统设计文档/07-线索树与元进度/20-剪枝系统/20_剪枝系统设计.md §3.2,3
FB-07,在局外替换一项基础技能,更新该类别配置并重算继承效果；四类基础技能仍各保留一个,技能页面,,来源：系统设计文档/06-战斗/40-技能系统/40_技能系统设计.md §3.1、6,1
FB-07,在局外配置连携技能,更新连携的成本串、产出串和最终效果预览；配置位保持五个,技能页面,,来源：系统设计文档/06-战斗/40-技能系统/40_技能系统设计.md §3.1、7,2
FB-07,鼠标悬浮技能页中的技能,显示当前构筑下的最终效果和预计下次行动时机,技能页面,,来源：系统设计文档/06-战斗/40-技能系统/40_技能系统设计.md §7,3
FB-08,点选地图上的事件点位,在该点原地展开事件信息面板；点选本身不推进世界时间,地图,,来源：系统设计文档/01-通用系统/10-区域与位移/10_区域与位移设计.md §3.1、4,1
FB-08,查看封锁区域,显示区域封锁状态、封锁理由与允许的通行方式,地图,,来源：系统设计文档/01-通用系统/10-区域与位移/10_区域与位移设计.md §3.2～3.3,2
FB-09,在一般事件信息面板点击进入,事件转为进行中并开始记录本次事件的时间消耗,地图事件入口,,来源：系统设计文档/02-时间与事件/20-日程系统/20_日程系统设计.md §4.5～4.6,1
FB-09,关闭一般事件信息面板,事件仍保持可进入状态，直到窗口期结束；不推进世界时间,地图事件入口,,来源：系统设计文档/02-时间与事件/20-日程系统/20_日程系统设计.md §4.5,2
FB-10,选择并完成相邻区域的转移事件,支付该事件配置的时间；事件退出后基点和活动范围更新,地图／转移事件,,来源：系统设计文档/01-通用系统/10-区域与位移/10_区域与位移设计.md §3.3～3.4,1
FB-10,在交通站点选择合法目的地并完成载具租赁事件,支付金钱与较少时间，基点和活动范围更新到目的地区域,地图／载具租赁事件,目的地交通站点不在封锁区域且道路网络允许,来源：系统设计文档/01-通用系统/10-区域与位移/10_区域与位移设计.md §3.4、3.7,2
FB-11,滚动已经历事件列表并点选事件卡片,显示所选事件详情，时间轴的滑动刻度对应页面中央事件,日程界面,,来源：系统设计文档/02-时间与事件/20-日程系统/20_日程系统设计.md §4.1,1
FB-11,查看已了解的可进入事件信息记录,可回顾事件简介、窗口期和地点；此处不提供进入事件入口,日程界面,,来源：系统设计文档/02-时间与事件/20-日程系统/20_日程系统设计.md §4.3～4.4,2
FB-13,单击对话文本框,进入下一段文本；对话不推进事件分支或世界时间,对话文本框,当前段富文本动画已播放完,来源：系统设计文档/01-通用系统/20-信息传递系统/20_信息传递系统设计.md §3.2.1～3.2.2,1
FB-13,富文本动画播放期间再次单击文本框,立即显示当前段全文，不进入下一段,对话文本框,,来源：系统设计文档/01-通用系统/20-信息传递系统/20_信息传递系统设计.md §3.2.2,2
FB-13,点击角色立绘，或完成交易等界面操作,按触发场景随机呈现一条装饰性角色台词；台词不阻断操作也不改变游戏状态,事件或经营界面,,来源：系统设计文档/01-通用系统/20-信息传递系统/20_信息传递系统设计.md §3.2.1、3.2.3,3
FB-14,在交易事件中选择、比较或配置本笔交易,只更新未提交的选择；物品与付款状态保持不变，商品和定价在事件存续期间固定,交易事件,,来源：系统设计文档/02-时间与事件/30-事件系统/30_事件系统设计.md §4.11,1
FB-14,确认一笔满足条件的交易,需求物、付款和所得物一次性提交并立即更新玩家数据与界面反馈；确认后不能撤回或退款,交易事件,,来源：系统设计文档/02-时间与事件/30-事件系统/30_事件系统设计.md §4.11,2
FB-14,确认一笔无法完整完成的交易,整笔交易不提交，物品和付款状态保持不变,交易事件,任何一项资源变化无法完成,来源：系统设计文档/02-时间与事件/30-事件系统/30_事件系统设计.md §4.11,3
FB-15,在委托接取事件缴纳押金并接受委托,创建持续任务及同点位的委托交付事件，记录要求、期限、押金和报酬,委托接取事件,,来源：系统设计文档/05-运营与经济/20-委托系统/20_委托系统设计.md §2.1、3,1
FB-15,在时限内提交委托成果,按完成率结算报酬；全部满足时返还押金并发完整报酬，奖励进入自动装载流程,委托交付事件,,来源：系统设计文档/05-运营与经济/20-委托系统/20_委托系统设计.md §2.3,2
FB-16,在事件中确认交付符合要求的物品,扣除需求物并执行事件配置效果；不满足要求则不改变归属,交易或交付事件,,来源：系统设计文档/05-运营与经济/05-物品系统/05_物品操作总表.csv 行 ITEM-EVT-001,1
FB-16,在事件中确认物品交换,交付成功后将交换目标送入自动装载；交付失败时不生成目标,交易事件,,来源：系统设计文档/05-运营与经济/05-物品系统/05_物品操作总表.csv 行 ITEM-EVT-003,2
FB-18,在开放背包的阶段打开背包与容器界面,显示当前可访问的已装备容器及其格位；受限容器仅在打开时参与相应检测,地图或声明开放的事件,,来源：系统设计文档/05-运营与经济/30-背包系统/30_背包系统设计.md §2、3,1
FB-19,鼠标未悬挂物品时左键单击有物品的格子,来源格清空，整叠物品悬挂到鼠标,容器界面,,来源：系统设计文档/05-运营与经济/05-物品系统/05_物品操作总表.csv 行 ITEM-UI-001,1
FB-19,鼠标未悬挂物品时右键单击有物品的格子,取走向上取整的一半并悬挂到鼠标，来源格保留余量,容器界面,,来源：系统设计文档/05-运营与经济/05-物品系统/05_物品操作总表.csv 行 ITEM-UI-002,2
FB-19,鼠标未悬挂物品时 Shift＋左键单击有物品的格子,按可见容器顺序和格序快捷转移可装入数量；没有目标或完全无法放入时无变化,容器界面,,来源：系统设计文档/05-运营与经济/05-物品系统/05_物品操作总表.csv 行 ITEM-UI-003,3
FB-19,鼠标悬挂物品时左键单击空格,尽量放入整叠，超出容量的余量继续悬挂；完全无法放入时无变化,容器界面,,来源：系统设计文档/05-运营与经济/05-物品系统/05_物品操作总表.csv 行 ITEM-UI-004,4
FB-19,鼠标悬挂物品时右键单击空格,放入一个物品，悬挂数量减一；目标无法接收时无变化,容器界面,,来源：系统设计文档/05-运营与经济/05-物品系统/05_物品操作总表.csv 行 ITEM-UI-005,5
FB-19,鼠标悬挂物品时左键单击同类物品格,合并至堆叠上限，未放入的余量继续悬挂；堆叠已满时无变化,容器界面,,来源：系统设计文档/05-运营与经济/05-物品系统/05_物品操作总表.csv 行 ITEM-UI-006,6
FB-19,鼠标悬挂物品时右键单击同类物品格,堆叠未满时放入一个物品；已满时无变化,容器界面,,来源：系统设计文档/05-运营与经济/05-物品系统/05_物品操作总表.csv 行 ITEM-UI-007,7
FB-19,鼠标悬挂物品时左键单击异类物品格,悬挂物能完整放入时交换两者，原目标物悬挂到鼠标；否则无变化,容器界面,,来源：系统设计文档/05-运营与经济/05-物品系统/05_物品操作总表.csv 行 ITEM-UI-008,8
FB-19,鼠标悬挂物品时右键单击具有容器组件的物品,按格序尽量装入目标容器，余量继续悬挂；不能装入时无变化,容器界面,,来源：系统设计文档/05-运营与经济/05-物品系统/05_物品操作总表.csv 行 ITEM-UI-009,9
FB-19,尝试把不符合允许类型的物品放入受限容器,界面提示类型不被接受，操作不提交,受限容器界面,,来源：系统设计文档/05-运营与经济/05-物品系统/05_物品操作总表.csv 行 ITEM-CTN-001,10
FB-19,在已打开的受限容器中取物,按常规取物规则把物品转到鼠标悬挂位或背包空间,受限容器界面,,来源：系统设计文档/05-运营与经济/05-物品系统/05_物品操作总表.csv 行 ITEM-CTN-002,11
FB-21,获取物品时因容量不足选择取消领取,本笔领取不提交，不改变物品归属或容器内容,领取溢出提示,,来源：系统设计文档/05-运营与经济/30-背包系统/30_背包系统设计.md §4,1
FB-21,获取物品时因容量不足选择继续领取,可装入部分进入背包，余量在事件点生成落地物；两部分同笔提交,领取溢出提示,,来源：系统设计文档/05-运营与经济/30-背包系统/30_背包系统设计.md §4,2
FB-22,拾取世界落地物,调用自动装载，成功部分进入队伍背包；未装入部分沿用溢出流程,事件点位,,来源：系统设计文档/05-运营与经济/05-物品系统/05_物品操作总表.csv 行 ITEM-FLOW-003,1
FB-23,投掷或丢弃允许离开当前载体的携带物品,物品转为当前地点的世界落地物；无法生成掉落时不提交,非战斗物品操作,,来源：系统设计文档/05-运营与经济/05-物品系统/05_物品操作总表.csv 行 ITEM-GEN-002,1
FB-24,在可用装备栏把适配物品穿戴到角色槽位,物品进入装备槽，组件与属性效果立即生效；槽位不适配时无变化,装备栏,,来源：系统设计文档/05-运营与经济/05-物品系统/05_物品操作总表.csv 行 ITEM-EQP-001,1
FB-24,卸下储物装备并转移到可接收的载体,装备及内部物品整体转移、格位保持；装备效果移除，容器格不再计入背包空间,装备栏,,来源：系统设计文档/05-运营与经济/05-物品系统/05_物品操作总表.csv 行 ITEM-EQP-002,2
FB-24,战斗中通过换装技能完成一次调整并确认,至多一次穿戴和一次卸下，效果立即影响属性、容器空间与遗物，然后结束该行动,战斗换装技能,,来源：系统设计文档/06-战斗/60-装备系统/60_装备系统设计.md §3,3
FB-25,拖动战场观察局势,改变战场观察位置，不改变战斗状态,战斗界面,,来源：系统设计文档/06-战斗/10-战斗总览/10_战斗总览设计.md §3.6,1
FB-25,点选其他单位,切换详细状态与行动槽显示；只有当前行动者保留可操作入口,战斗界面,,来源：系统设计文档/06-战斗/10-战斗总览/10_战斗总览设计.md §3.6,2
FB-26,布置阶段调整一个我方单位的站位并确认,单位位置改变，按移动规则占用该单位一次行动机会、追加 M 并参与时间轴,布置阶段,,来源：系统设计文档/06-战斗/30-战场与战棋规则/30_战场与战棋规则设计.md §3.1～3.2,1
FB-26,布置阶段选择不调整而直接开战,以事件或战斗配置声明的初始阵位进入常规战斗,布置阶段,,来源：系统设计文档/06-战斗/30-战场与战棋规则/30_战场与战棋规则设计.md §3.2,2
FB-27,当前行动者选择基础技能和合法目标并确认,结算技能效果，独占一次行动机会并向行动槽追加该技能类别字母,战斗行动机会,,来源：系统设计文档/06-战斗/85-战斗行为系统/85_战斗行为表.csv 行 BHV-SKILL-001,1
FB-27,行动槽尾匹配成本串时手动选择并确认连携技能,从槽尾删除成本串、追加产出串，结算技能效果与后摇；不自动释放后续连携,战斗行动机会,,来源：系统设计文档/06-战斗/50-行动槽与连携/50_行动槽与连携设计.md §3.2,2
FB-27,尝试提交前置条件不满足的技能,界面提示具体原因，技能不提交，行动机会与行动槽不变化,战斗行动机会,,来源：系统设计文档/06-战斗/85-战斗行为系统/85_战斗行为表.csv 行 BHV-SKILL-001,3
FB-28,使用可释放法术的技能后选择已装备法术书中的一项法术,按该技能的行动机会与后摇释放法术；法术本身不进入行动槽或连携成本串,战斗法术选择,,来源：系统设计文档/06-战斗/40-技能系统/40_技能系统设计.md §4,1
FB-28,在法术书的武器详情中查看法术,可预览法术书中的法术；常态技能面板不为法术占位,装备详情,,来源：系统设计文档/06-战斗/40-技能系统/40_技能系统设计.md §4、7,2
FB-29,通过物品使用技能选定即时取用容器内的物品及目标并确认,结算物品组件效果；消耗品在行动确认时扣减，堆叠归零则清空格位,战斗物品使用,,来源：系统设计文档/06-战斗/80-技能与库存联动/80_技能与库存联动设计.md §3～4,1
FB-29,通过投掷技能选择可投掷物及落点并确认,按投掷组件结算伤害或效果，物品离开角色并在战斗地点生成落地物,战斗投掷,,来源：系统设计文档/06-战斗/80-技能与库存联动/80_技能与库存联动设计.md §5,2
FB-29,尝试选择禁止投掷或不满足重物门槛的物品,禁止投掷的物品不出现在选择界面；重量比值低于下限时提示原因且不提交,战斗投掷,,来源：系统设计文档/06-战斗/80-技能与库存联动/80_技能与库存联动设计.md §5、8,3
FB-30,当前行动者选择可达格子并确认移动,单位改变站位，独占一次行动机会，行动槽追加 M 并按后摇更新时间轴,战斗行动机会,,来源：系统设计文档/06-战斗/85-战斗行为系统/85_战斗行为表.csv 行 BHV-MOVE-001,1
FB-30,选择不可达或超出行动力的目的格,提示不可达原因，不提交移动，行动机会与行动槽保持原状,战斗行动机会,,来源：系统设计文档/06-战斗/85-战斗行为系统/85_战斗行为表.csv 行 BHV-MOVE-001,2
FB-31,当前行动者选择可达战场容器并确认搜刮,占一次行动机会、行动槽追加 M，打开容器供手动取物；未取物保留原容器,战斗行动机会,,来源：系统设计文档/06-战斗/85-战斗行为系统/85_战斗行为表.csv 行 BHV-INTERACT-001,1
FB-31,当前行动者选择可用场景交互点并确认,占一次行动机会、行动槽追加 M，执行该交互点配置的战场效果,战斗行动机会,,来源：系统设计文档/06-战斗/85-战斗行为系统/85_战斗行为表.csv 行 BHV-INTERACT-002,2
FB-32,满足撤退条件时由当前行动者发起并确认撤退,回到地图；该事件仍可进入且保留敌人状态、已得战利品，窗口期延长并按配置锁定周边事件,战斗行动机会,,来源：系统设计文档/06-战斗/85-战斗行为系统/85_战斗行为表.csv 行 BHV-RETREAT-001,1
FB-32,撤退条件不满足时尝试提交撤退,界面提示原因，撤退不提交，行动机会与行动槽保持原状,战斗行动机会,,来源：系统设计文档/06-战斗/85-战斗行为系统/85_战斗行为表.csv 行 BHV-RETREAT-001,2
FB-33,无其他可用操作时选择并确认防御待机,单位进入防御状态并结束本次行动，占一次行动机会，行动槽按配置追加字母,战斗行动机会,,来源：系统设计文档/06-战斗/85-战斗行为系统/85_战斗行为表.csv 行 BHV-IDLE-001,1
FB-34,查看当前行动者的行动槽,显示当前字母序列、连携条件达成情况和移动打断状态,战斗界面,,来源：系统设计文档/06-战斗/50-行动槽与连携/50_行动槽与连携设计.md §3.5,1
FB-34,在行动前查看时间轴或悬浮可用行为,显示未来行动顺序及本行为之后本单位的预计下次行动时机,战斗界面,,来源：系统设计文档/06-战斗/20-时间轴与行动顺序/20_时间轴与行动顺序设计.md §3.5,2
FB-34,查看显式战斗目标与进度,呈现战斗开始即可知悉的目标，进度随已提交的击杀、搜刮等行为实时更新,战斗界面,,来源：系统设计文档/06-战斗/A0-战斗目标与结果/A0_战斗目标与结果设计.md §3.1,3
FB-36,收尾窗口中打开战场容器或遗体并手动取物,所取物品进入背包，未取物留在容器；不消耗行动机会或推进世界时间,战后收尾,,来源：系统设计文档/06-战斗/30-战场与战棋规则/30_战场与战棋规则设计.md §3.5、3.7,1
FB-36,收尾窗口中拾取战斗地点的落地物,沿用自动装载与溢出规则；落地物在战斗结束后仍可拾取,战后收尾,,来源：系统设计文档/06-战斗/80-技能与库存联动/80_技能与库存联动设计.md §5,2
FB-37,收尾窗口中使用资源治疗或调整装备,已提交的治疗和装备效果更新角色状态；窗口内不消耗行动机会或推进世界时间,战后收尾,,来源：系统设计文档/06-战斗/30-战场与战棋规则/30_战场与战棋规则设计.md §3.7,1
FB-40,在任意阶段打开设置界面,显示键位、音量、字幕和语言等设置入口；设置操作不改变当前游戏阶段状态,任意阶段,,来源：架构设计文档/界面索引.md §一、界面清单,1
